{
  "custom": {},
  "params": {},
  "propConfig": {
    "params.feature": {
      "paramDirection": "input"
    },
    "params.key": {
      "paramDirection": "input"
    },
    "params.tier1": {
      "paramDirection": "input"
    },
    "params.tier2": {
      "paramDirection": "input"
    }
  },
  "props": {},
  "root": {
    "children": [
      {
        "meta": {
          "name": "Title"
        },
        "position": {
          "basis": "56px",
          "shrink": 0
        },
        "props": {
          "params": {
            "icon": "home",
            "text": "Home"
          },
          "path": "Page/Embedded/Title"
        },
        "type": "ia.display.view"
      },
      {
        "meta": {
          "hasDelegate": true,
          "name": "Spacer_1"
        },
        "position": {
          "basis": "12px",
          "shrink": 0
        },
        "type": "ia.display.label"
      },
      {
        "meta": {
          "hasDelegate": true,
          "name": "Welcome"
        },
        "position": {
          "basis": "20px",
          "shrink": 0
        },
        "props": {
          "style": {
            "classes": "Page/Bold Page/Margins Page/Text"
          },
          "text": "Welcome to Perspective!"
        },
        "type": "ia.display.label"
      },
      {
        "meta": {
          "hasDelegate": true,
          "name": "Spacer_2"
        },
        "position": {
          "basis": "10px",
          "shrink": 0
        },
        "type": "ia.display.label"
      },
      {
        "meta": {
          "hasDelegate": true,
          "name": "Description"
        },
        "position": {
          "shrink": 0
        },
        "props": {
          "style": {
            "classes": "Page/Text Page/Margins"
          },
          "text": "The skeleton project is intended to help you get started with Perspective. The project is designed to be mobile-responsive and fully utilizes styles. Feel free to modify as desired."
        },
        "type": "ia.display.label"
      },
      {
        "meta": {
          "hasDelegate": true,
          "name": "Spacer_3"
        },
        "position": {
          "basis": "10px",
          "shrink": 0
        },
        "type": "ia.display.label"
      },
      {
        "children": [
          {
            "meta": {
              "name": "ToggleSwitch"
            },
            "position": {
              "height": 36,
              "width": 96,
              "x": 618,
              "y": 180
            },
            "propConfig": {
              "props.selected": {
                "binding": {
                  "config": {
                    "bidirectional": true,
                    "fallbackDelay": 2.5,
                    "mode": "direct",
                    "tagPath": "[default]Dev00/Conveyor1"
                  },
                  "type": "tag"
                }
              }
            },
            "type": "ia.input.toggle-switch"
          },
          {
            "meta": {
              "name": "ToggleSwitch_0"
            },
            "position": {
              "height": 36,
              "width": 96,
              "x": 482,
              "y": 85
            },
            "propConfig": {
              "props.selected": {
                "binding": {
                  "config": {
                    "bidirectional": true,
                    "fallbackDelay": 2.5,
                    "mode": "direct",
                    "tagPath": "[MQTT Engine]test/button"
                  },
                  "type": "tag"
                }
              }
            },
            "type": "ia.input.toggle-switch"
          },
          {
            "meta": {
              "name": "ToggleSwitch_1"
            },
            "position": {
              "height": 36,
              "width": 96,
              "x": 517,
              "y": 346
            },
            "propConfig": {
              "props.selected": {
                "binding": {
                  "config": {
                    "bidirectional": true,
                    "fallbackDelay": 2.5,
                    "mode": "direct",
                    "tagPath": "[default]Dev00/StopButton"
                  },
                  "type": "tag"
                }
              }
            },
            "type": "ia.input.toggle-switch"
          },
          {
            "meta": {
              "name": "Gauge"
            },
            "position": {
              "height": 175,
              "width": 300,
              "x": 217,
              "y": 85
            },
            "propConfig": {
              "props.value": {
                "binding": {
                  "config": {
                    "fallbackDelay": 2.5,
                    "mode": "direct",
                    "tagPath": "[MQTT Engine]test/msg"
                  },
                  "type": "tag"
                }
              }
            },
            "props": {
              "backgroundColor": "",
              "innerAxis": {
                "data": "secondaryValue",
                "maxValue": 80,
                "percentRadius": 85,
                "show": false,
                "width": 1
              },
              "outerAxis": {
                "data": "value",
                "maxValue": 5,
                "percentRadius": 100,
                "ranges": [
                  {
                    "color": "#77B6D8",
                    "end": 80,
                    "start": 0,
                    "width": 8
                  },
                  {
                    "color": "#6E94D7",
                    "end": 105,
                    "start": 80,
                    "width": 12
                  },
                  {
                    "color": "#7A6BD5",
                    "end": 120,
                    "start": 105,
                    "width": 16
                  }
                ],
                "show": true,
                "width": 1
              }
            },
            "type": "ia.chart.gauge"
          },
          {
            "meta": {
              "name": "MultiStateButton"
            },
            "position": {
              "height": 120,
              "width": 80,
              "x": 340,
              "y": 434
            },
            "propConfig": {
              "props.controlValue": {
                "binding": {
                  "config": {
                    "bidirectional": true,
                    "fallbackDelay": 2.5,
                    "mode": "direct",
                    "tagPath": "[default]New Tag"
                  },
                  "type": "tag"
                }
              }
            },
            "props": {
              "indicatorValue": 0,
              "states": [
                {
                  "selectedStyle": {
                    "backgroundColor": "#FFF275",
                    "classes": ""
                  },
                  "text": "Hand",
                  "unselectedStyle": {
                    "classes": ""
                  },
                  "value": 2
                },
                {
                  "selectedStyle": {
                    "backgroundColor": "#F84553",
                    "classes": ""
                  },
                  "text": "Off",
                  "unselectedStyle": {
                    "classes": ""
                  },
                  "value": 0
                }
              ]
            },
            "type": "ia.input.multi-state-button"
          }
        ],
        "meta": {
          "name": "CoordinateContainer"
        },
        "position": {
          "grow": 1
        },
        "type": "ia.container.coord"
      }
    ],
    "meta": {
      "name": "root"
    },
    "props": {
      "direction": "column",
      "style": {
        "classes": "Page/Page"
      }
    },
    "type": "ia.container.flex"
  }
}