{
  "custom": {},
  "params": {},
  "props": {
    "defaultSize": {
      "height": 1000,
      "width": 1500
    }
  },
  "root": {
    "children": [
      {
        "meta": {
          "name": "Title"
        },
        "position": {
          "basis": "56px",
          "shrink": 0
        },
        "propConfig": {
          "props.params.text": {
            "binding": {
              "config": {
                "expression": "{../TabContainer.props.tabs}[{../TabContainer.props.currentTabIndex}]"
              },
              "type": "expr"
            }
          }
        },
        "props": {
          "params": {
            "icon": "show_chart"
          },
          "path": "Page/Embedded/Title"
        },
        "type": "ia.display.view"
      },
      {
        "children": [
          {
            "children": [
              {
                "children": [
                  {
                    "children": [
                      {
                        "children": [
                          {
                            "meta": {
                              "name": "Label"
                            },
                            "position": {
                              "basis": "32px"
                            },
                            "props": {
                              "style": {
                                "textAlign": "center"
                              },
                              "text": "test"
                            },
                            "type": "ia.display.label"
                          },
                          {
                            "meta": {
                              "name": "Label_0"
                            },
                            "position": {
                              "basis": "2px",
                              "shrink": 0
                            },
                            "props": {
                              "style": {
                                "backgroundColor": "#FFFF00"
                              }
                            },
                            "type": "ia.display.label"
                          },
                          {
                            "meta": {
                              "name": "SimpleGauge"
                            },
                            "position": {
                              "basis": "175px"
                            },
                            "props": {
                              "endAngle": 405,
                              "label": {
                                "offsetY": 12
                              },
                              "startAngle": 135
                            },
                            "type": "ia.chart.simple-gauge"
                          }
                        ],
                        "meta": {
                          "name": "FlexContainer_2"
                        },
                        "position": {
                          "height": 0.26,
                          "rotate": {
                            "anchor": "50% 25%"
                          },
                          "width": 0.1355,
                          "x": 0.1082,
                          "y": 0.1592
                        },
                        "props": {
                          "direction": "column"
                        },
                        "type": "ia.container.flex"
                      },
                      {
                        "children": [
                          {
                            "meta": {
                              "name": "Label"
                            },
                            "position": {
                              "basis": "32px"
                            },
                            "props": {
                              "style": {
                                "textAlign": "center"
                              },
                              "text": "test"
                            },
                            "type": "ia.display.label"
                          },
                          {
                            "meta": {
                              "name": "Label_0"
                            },
                            "position": {
                              "basis": "2px",
                              "shrink": 0
                            },
                            "props": {
                              "style": {
                                "backgroundColor": "#FFFF00"
                              }
                            },
                            "type": "ia.display.label"
                          },
                          {
                            "meta": {
                              "name": "SimpleGauge"
                            },
                            "position": {
                              "basis": "150px"
                            },
                            "props": {
                              "endAngle": 405,
                              "label": {
                                "offsetY": 12
                              },
                              "startAngle": 135
                            },
                            "type": "ia.chart.simple-gauge"
                          }
                        ],
                        "meta": {
                          "name": "FlexContainer_3"
                        },
                        "position": {
                          "height": 0.236,
                          "width": 0.1273
                        },
                        "propConfig": {
                          "position.x": {
                            "binding": {
                              "config": {
                                "expression": "{../FlexContainer_2.position.x}+0.15"
                              },
                              "type": "expr"
                            }
                          },
                          "position.y": {
                            "binding": {
                              "config": {
                                "expression": "{../FlexContainer_2.position.y}+0.05"
                              },
                              "type": "expr"
                            }
                          }
                        },
                        "props": {
                          "direction": "column"
                        },
                        "type": "ia.container.flex"
                      },
                      {
                        "meta": {
                          "name": "Label"
                        },
                        "position": {
                          "height": 0.0522,
                          "width": 0.0401,
                          "x": 0.4578,
                          "y": 0.0732
                        },
                        "propConfig": {
                          "props.text": {
                            "binding": {
                              "config": {
                                "fallbackDelay": 2.5,
                                "mode": "direct",
                                "tagPath": "[default]New Tag"
                              },
                              "type": "tag"
                            }
                          }
                        },
                        "props": {
                          "textStyle": {
                            "fontSize": 25
                          }
                        },
                        "type": "ia.display.label"
                      },
                      {
                        "meta": {
                          "name": "Label_0"
                        },
                        "position": {
                          "height": 0.0516,
                          "width": 0.0616,
                          "x": 0.4575,
                          "y": 0.021
                        },
                        "props": {
                          "text": "Actual",
                          "textStyle": {
                            "fontSize": 25
                          }
                        },
                        "type": "ia.display.label"
                      },
                      {
                        "meta": {
                          "name": "Label_1"
                        },
                        "position": {
                          "height": 0.0522,
                          "width": 0.04,
                          "x": 0.5423,
                          "y": 0.0732
                        },
                        "propConfig": {
                          "props.text": {
                            "binding": {
                              "config": {
                                "fallbackDelay": 2.5,
                                "mode": "direct",
                                "tagPath": "[default]New Tag"
                              },
                              "type": "tag"
                            }
                          }
                        },
                        "props": {
                          "textStyle": {
                            "fontSize": 25
                          }
                        },
                        "type": "ia.display.label"
                      },
                      {
                        "meta": {
                          "name": "Label_2"
                        },
                        "position": {
                          "height": 0.0522,
                          "width": 0.0684,
                          "x": 0.542,
                          "y": 0.021
                        },
                        "props": {
                          "text": "Target",
                          "textStyle": {
                            "fontSize": 25
                          }
                        },
                        "type": "ia.display.label"
                      },
                      {
                        "meta": {
                          "name": "Label_3"
                        },
                        "position": {
                          "height": 0.0516,
                          "width": 0.0616,
                          "x": 0.3356,
                          "y": 0.0166
                        },
                        "props": {
                          "text": "OR%",
                          "textStyle": {
                            "fontSize": 25
                          }
                        },
                        "type": "ia.display.label"
                      },
                      {
                        "meta": {
                          "name": "Label_4"
                        },
                        "position": {
                          "height": 0.0522,
                          "width": 0.0401,
                          "x": 0.3359,
                          "y": 0.0688
                        },
                        "propConfig": {
                          "props.text": {
                            "binding": {
                              "config": {
                                "fallbackDelay": 2.5,
                                "mode": "direct",
                                "tagPath": "[default]New Tag"
                              },
                              "type": "tag"
                            }
                          }
                        },
                        "props": {
                          "textStyle": {
                            "fontSize": 25
                          }
                        },
                        "type": "ia.display.label"
                      },
                      {
                        "meta": {
                          "name": "Label_5"
                        },
                        "position": {
                          "height": 0.0522,
                          "width": 0.0401,
                          "x": 0.0409,
                          "y": 0.1588
                        },
                        "propConfig": {
                          "props.text": {
                            "binding": {
                              "config": {
                                "fallbackDelay": 2.5,
                                "mode": "direct",
                                "tagPath": "[default]New Tag"
                              },
                              "type": "tag"
                            }
                          }
                        },
                        "props": {
                          "textStyle": {
                            "fontSize": 25
                          }
                        },
                        "type": "ia.display.label"
                      },
                      {
                        "meta": {
                          "name": "Label_6"
                        },
                        "position": {
                          "height": 0.0516,
                          "width": 0.0616,
                          "x": 0.0407,
                          "y": 0.1067
                        },
                        "props": {
                          "text": "Uptime",
                          "textStyle": {
                            "fontSize": 25
                          }
                        },
                        "type": "ia.display.label"
                      },
                      {
                        "meta": {
                          "name": "Progress"
                        },
                        "position": {
                          "height": 0.0121,
                          "width": 0.0981,
                          "x": 0.0036,
                          "y": 0.2252
                        },
                        "type": "ia.display.progress"
                      },
                      {
                        "meta": {
                          "name": "PowerChart_0"
                        },
                        "position": {
                          "height": 0.4,
                          "width": 0.3,
                          "x": 0.699,
                          "y": 0.0086
                        },
                        "props": {
                          "config": {
                            "rangeEndDate": {
                              "$": [
                                "ts",
                                0,
                                1744097904889
                              ],
                              "$ts": 1744097856861
                            },
                            "rangeStartDate": {
                              "$": [
                                "ts",
                                0,
                                1744097904889
                              ],
                              "$ts": 1744083504861
                            },
                            "unitOfTime": 4,
                            "visibility": {
                              "buttons": {
                                "showAnnotationButton": false,
                                "showFullscreenButton": false,
                                "showMoreButton": false,
                                "showPanZoomButton": false,
                                "showRangeBrushButton": false,
                                "showSettingsButton": false,
                                "showTagBrowserButton": false,
                                "showXTraceButton": false
                              },
                              "showDateRangeSelector": false,
                              "showPenControlDisplay": false
                            }
                          },
                          "interaction": {
                            "chartZoomLevel": 1,
                            "fullscreen": true,
                            "rangeZoomLevel": 1
                          },
                          "pens": [
                            {
                              "axis": "",
                              "data": {
                                "aggregateMode": "default",
                                "source": "histprov:PostgresDB:/drv:ignition-bc48acb6db50:default:/tag:new tag"
                              },
                              "display": {
                                "breakLine": true,
                                "interpolation": "curveLinear",
                                "radius": 3,
                                "styles": {
                                  "highlighted": {
                                    "fill": {
                                      "color": "#63BEA2",
                                      "opacity": 1
                                    },
                                    "stroke": {
                                      "color": "#63BEA2",
                                      "dashArray": 0,
                                      "opacity": 1,
                                      "width": 1
                                    }
                                  },
                                  "muted": {
                                    "fill": {
                                      "color": "#63BEA2",
                                      "opacity": 0.4
                                    },
                                    "stroke": {
                                      "color": "#63BEA2",
                                      "dashArray": 0,
                                      "opacity": 0.4,
                                      "width": 1
                                    }
                                  },
                                  "normal": {
                                    "fill": {
                                      "color": "#63BEA2",
                                      "opacity": 0.8
                                    },
                                    "stroke": {
                                      "color": "#63BEA2",
                                      "dashArray": 0,
                                      "opacity": 0.8,
                                      "width": 1
                                    }
                                  },
                                  "selected": {
                                    "fill": {
                                      "color": "#63BEA2",
                                      "opacity": 1
                                    },
                                    "stroke": {
                                      "color": "#63BEA2",
                                      "dashArray": 0,
                                      "opacity": 1,
                                      "width": 1
                                    }
                                  }
                                },
                                "type": "line"
                              },
                              "enabled": true,
                              "name": "new tag",
                              "plot": 0,
                              "selectable": true,
                              "visible": true
                            },
                            {
                              "axis": "",
                              "data": {
                                "aggregateMode": "default",
                                "source": "histprov:PostgresDB:/drv:ignition-bc48acb6db50:default:/tag:new tag 2"
                              },
                              "display": {
                                "breakLine": true,
                                "interpolation": "curveLinear",
                                "radius": 3,
                                "styles": {
                                  "highlighted": {
                                    "fill": {
                                      "color": "#FC8D62",
                                      "opacity": 1
                                    },
                                    "stroke": {
                                      "color": "#FC8D62",
                                      "dashArray": 0,
                                      "opacity": 1,
                                      "width": 1
                                    }
                                  },
                                  "muted": {
                                    "fill": {
                                      "color": "#FC8D62",
                                      "opacity": 0.4
                                    },
                                    "stroke": {
                                      "color": "#FC8D62",
                                      "dashArray": 0,
                                      "opacity": 0.4,
                                      "width": 1
                                    }
                                  },
                                  "normal": {
                                    "fill": {
                                      "color": "#FC8D62",
                                      "opacity": 0.8
                                    },
                                    "stroke": {
                                      "color": "#FC8D62",
                                      "dashArray": 0,
                                      "opacity": 0.8,
                                      "width": 1
                                    }
                                  },
                                  "selected": {
                                    "fill": {
                                      "color": "#FC8D62",
                                      "opacity": 1
                                    },
                                    "stroke": {
                                      "color": "#FC8D62",
                                      "dashArray": 0,
                                      "opacity": 1,
                                      "width": 1
                                    }
                                  }
                                },
                                "type": "line"
                              },
                              "enabled": true,
                              "name": "new tag 2",
                              "plot": 0,
                              "selectable": true,
                              "visible": true
                            }
                          ],
                          "title": {
                            "text": "Target Vs. Actual",
                            "visible": true
                          }
                        },
                        "type": "ia.chart.powerchart"
                      },
                      {
                        "children": [
                          {
                            "meta": {
                              "name": "Label"
                            },
                            "position": {
                              "basis": "32px"
                            },
                            "props": {
                              "style": {
                                "textAlign": "center"
                              },
                              "text": "test"
                            },
                            "type": "ia.display.label"
                          },
                          {
                            "meta": {
                              "name": "Label_0"
                            },
                            "position": {
                              "basis": "2px",
                              "shrink": 0
                            },
                            "props": {
                              "style": {
                                "backgroundColor": "#FFFF00"
                              }
                            },
                            "type": "ia.display.label"
                          },
                          {
                            "meta": {
                              "name": "SimpleGauge"
                            },
                            "position": {
                              "basis": "150px"
                            },
                            "props": {
                              "endAngle": 405,
                              "label": {
                                "offsetY": 12
                              },
                              "startAngle": 135
                            },
                            "type": "ia.chart.simple-gauge"
                          }
                        ],
                        "meta": {
                          "name": "FlexContainer_4"
                        },
                        "position": {
                          "height": 0.236,
                          "width": 0.1273
                        },
                        "propConfig": {
                          "position.x": {
                            "binding": {
                              "config": {
                                "expression": "{../FlexContainer_3.position.x}+0.15"
                              },
                              "type": "expr"
                            }
                          },
                          "position.y": {
                            "binding": {
                              "config": {
                                "expression": "{../FlexContainer_3.position.y}"
                              },
                              "type": "expr"
                            }
                          }
                        },
                        "props": {
                          "direction": "column"
                        },
                        "type": "ia.container.flex"
                      },
                      {
                        "children": [
                          {
                            "meta": {
                              "name": "Label"
                            },
                            "position": {
                              "basis": "32px"
                            },
                            "props": {
                              "style": {
                                "textAlign": "center"
                              },
                              "text": "test"
                            },
                            "type": "ia.display.label"
                          },
                          {
                            "meta": {
                              "name": "Label_0"
                            },
                            "position": {
                              "basis": "2px",
                              "shrink": 0
                            },
                            "props": {
                              "style": {
                                "backgroundColor": "#FFFF00"
                              }
                            },
                            "type": "ia.display.label"
                          },
                          {
                            "meta": {
                              "name": "SimpleGauge"
                            },
                            "position": {
                              "basis": "150px"
                            },
                            "props": {
                              "endAngle": 405,
                              "label": {
                                "offsetY": 12
                              },
                              "startAngle": 135
                            },
                            "type": "ia.chart.simple-gauge"
                          }
                        ],
                        "meta": {
                          "name": "FlexContainer_5"
                        },
                        "position": {
                          "height": 0.236,
                          "width": 0.1273
                        },
                        "propConfig": {
                          "position.x": {
                            "binding": {
                              "config": {
                                "expression": "{../FlexContainer_4.position.x}+0.15"
                              },
                              "type": "expr"
                            }
                          },
                          "position.y": {
                            "binding": {
                              "config": {
                                "expression": "{../FlexContainer_4.position.y}"
                              },
                              "type": "expr"
                            }
                          }
                        },
                        "props": {
                          "direction": "column"
                        },
                        "type": "ia.container.flex"
                      }
                    ],
                    "meta": {
                      "name": "CoordinateContainer"
                    },
                    "position": {
                      "basis": "1267px",
                      "grow": 1
                    },
                    "props": {
                      "mode": "percent"
                    },
                    "type": "ia.container.coord"
                  }
                ],
                "meta": {
                  "name": "FlexContainer"
                },
                "position": {
                  "grow": 1
                },
                "type": "ia.container.flex"
              }
            ],
            "meta": {
              "name": "FlexContainer"
            },
            "props": {
              "alignContent": "space-around",
              "direction": "column",
              "style": {
                "margin": 10
              }
            },
            "type": "ia.container.flex"
          },
          {
            "children": [
              {
                "children": [
                  {
                    "children": [
                      {
                        "meta": {
                          "name": "Label"
                        },
                        "position": {
                          "basis": "32px"
                        },
                        "props": {
                          "style": {
                            "textAlign": "center"
                          },
                          "text": "OEE",
                          "textStyle": {
                            "fontFamily": "sans-serif",
                            "fontSize": 25,
                            "fontWeight": "bold"
                          }
                        },
                        "type": "ia.display.label"
                      },
                      {
                        "meta": {
                          "name": "Spacer"
                        },
                        "position": {
                          "basis": "2px",
                          "shrink": 0
                        },
                        "props": {
                          "style": {
                            "backgroundColor": "#FFFF00"
                          }
                        },
                        "type": "ia.display.label"
                      },
                      {
                        "meta": {
                          "name": "SimpleGauge"
                        },
                        "position": {
                          "basis": "190px",
                          "shrink": 0
                        },
                        "propConfig": {
                          "props.arc.color": {
                            "binding": {
                              "config": {
                                "expression": "{../Spacer.props.style.backgroundColor}"
                              },
                              "type": "expr"
                            }
                          }
                        },
                        "props": {
                          "arc": {},
                          "endAngle": 405,
                          "label": {
                            "offsetY": 12,
                            "units": "%"
                          },
                          "startAngle": 135,
                          "value": 50
                        },
                        "type": "ia.chart.simple-gauge"
                      }
                    ],
                    "meta": {
                      "name": "FlexContainer_2"
                    },
                    "position": {
                      "height": 0.3055,
                      "rotate": {
                        "anchor": "50% 25%"
                      },
                      "width": 0.1355,
                      "x": 0.1379,
                      "y": 0.1441
                    },
                    "props": {
                      "direction": "column"
                    },
                    "type": "ia.container.flex"
                  },
                  {
                    "children": [
                      {
                        "meta": {
                          "name": "Label"
                        },
                        "position": {
                          "basis": "32px"
                        },
                        "props": {
                          "style": {
                            "textAlign": "center"
                          },
                          "text": "AVA",
                          "textStyle": {
                            "fontFamily": "sans-serif",
                            "fontSize": 25,
                            "fontWeight": "bold"
                          }
                        },
                        "type": "ia.display.label"
                      },
                      {
                        "meta": {
                          "name": "Label_0"
                        },
                        "position": {
                          "basis": "2px",
                          "shrink": 0
                        },
                        "props": {
                          "style": {
                            "backgroundColor": "#FFFF00"
                          }
                        },
                        "type": "ia.display.label"
                      },
                      {
                        "meta": {
                          "name": "SimpleGauge"
                        },
                        "position": {
                          "basis": "150px"
                        },
                        "props": {
                          "endAngle": 405,
                          "label": {
                            "offsetY": 12
                          },
                          "startAngle": 135
                        },
                        "type": "ia.chart.simple-gauge"
                      }
                    ],
                    "meta": {
                      "name": "FlexContainer_3"
                    },
                    "position": {
                      "height": 0.236,
                      "width": 0.1273
                    },
                    "propConfig": {
                      "position.x": {
                        "binding": {
                          "config": {
                            "expression": "{../FlexContainer_2.position.x}+0.15"
                          },
                          "type": "expr"
                        }
                      },
                      "position.y": {
                        "binding": {
                          "config": {
                            "expression": "{../FlexContainer_2.position.y}+0.05"
                          },
                          "type": "expr"
                        }
                      }
                    },
                    "props": {
                      "direction": "column"
                    },
                    "type": "ia.container.flex"
                  },
                  {
                    "meta": {
                      "name": "Label"
                    },
                    "position": {
                      "height": 0.0522,
                      "width": 0.0401
                    },
                    "propConfig": {
                      "position.x": {
                        "binding": {
                          "config": {
                            "expression": "{../Label_0.position.x}"
                          },
                          "type": "expr"
                        }
                      },
                      "position.y": {
                        "binding": {
                          "config": {
                            "expression": "{../Label_0.position.y}+0.06"
                          },
                          "type": "expr"
                        }
                      },
                      "props.text": {
                        "binding": {
                          "config": {
                            "fallbackDelay": 2.5,
                            "mode": "direct",
                            "tagPath": "[default]New Tag"
                          },
                          "type": "tag"
                        }
                      }
                    },
                    "props": {
                      "textStyle": {
                        "fontSize": 50
                      }
                    },
                    "type": "ia.display.label"
                  },
                  {
                    "meta": {
                      "name": "Label_0"
                    },
                    "position": {
                      "height": 0.0516,
                      "width": 0.0988,
                      "x": 0.294,
                      "y": 0.0333
                    },
                    "props": {
                      "text": "Actual Quantity",
                      "textStyle": {
                        "fontFamily": "sans-serif",
                        "fontSize": 20,
                        "fontWeight": "bold",
                        "textAlign": "start",
                        "textTransform": "uppercase"
                      }
                    },
                    "type": "ia.display.label"
                  },
                  {
                    "meta": {
                      "name": "Label_5"
                    },
                    "position": {
                      "height": 0.0522,
                      "width": 0.1029,
                      "x": 0.0206,
                      "y": 0.1541
                    },
                    "props": {
                      "text": {
                        "$": [
                          "ts",
                          192,
                          1744077433704
                        ],
                        "$ts": 1744077433697
                      },
                      "textStyle": {
                        "fontSize": 25
                      }
                    },
                    "type": "ia.display.label"
                  },
                  {
                    "meta": {
                      "name": "Label_6"
                    },
                    "position": {
                      "height": 0.0516,
                      "width": 0.0616,
                      "x": 0.0204,
                      "y": 0.1021
                    },
                    "props": {
                      "text": "Uptime",
                      "textStyle": {
                        "fontSize": 25
                      }
                    },
                    "type": "ia.display.label"
                  },
                  {
                    "meta": {
                      "name": "PowerChart_0"
                    },
                    "position": {
                      "height": 0.4,
                      "width": 0.27,
                      "x": 0.7279,
                      "y": 0.0028
                    },
                    "props": {
                      "config": {
                        "rangeEndDate": {
                          "$": [
                            "ts",
                            0,
                            1744116663327
                          ],
                          "$ts": 1744116615304
                        },
                        "rangeStartDate": {
                          "$": [
                            "ts",
                            0,
                            1744116663327
                          ],
                          "$ts": 1744102263304
                        },
                        "unitOfTime": 4,
                        "visibility": {
                          "buttons": {
                            "showAnnotationButton": false,
                            "showFullscreenButton": false,
                            "showMoreButton": false,
                            "showPanZoomButton": false,
                            "showRangeBrushButton": false,
                            "showSettingsButton": false,
                            "showTagBrowserButton": false,
                            "showXTraceButton": false
                          },
                          "showDateRangeSelector": false,
                          "showPenControlDisplay": false
                        }
                      },
                      "interaction": {
                        "chartZoomLevel": 1,
                        "fullscreen": true,
                        "rangeZoomLevel": 1
                      },
                      "legend": {
                        "visible": true
                      },
                      "pens": [
                        {
                          "axis": "",
                          "data": {
                            "aggregateMode": "default",
                            "source": "histprov:PostgresDB:/drv:ignition-bc48acb6db50:default:/tag:new tag"
                          },
                          "display": {
                            "breakLine": true,
                            "interpolation": "curveLinear",
                            "radius": 3,
                            "styles": {
                              "highlighted": {
                                "fill": {
                                  "color": "#63BEA2",
                                  "opacity": 1
                                },
                                "stroke": {
                                  "color": "#63BEA2",
                                  "dashArray": 0,
                                  "opacity": 1,
                                  "width": 1
                                }
                              },
                              "muted": {
                                "fill": {
                                  "color": "#63BEA2",
                                  "opacity": 0.4
                                },
                                "stroke": {
                                  "color": "#63BEA2",
                                  "dashArray": 0,
                                  "opacity": 0.4,
                                  "width": 1
                                }
                              },
                              "normal": {
                                "fill": {
                                  "color": "#63BEA2",
                                  "opacity": 0.8
                                },
                                "stroke": {
                                  "color": "#63BEA2",
                                  "dashArray": 0,
                                  "opacity": 0.8,
                                  "width": 1
                                }
                              },
                              "selected": {
                                "fill": {
                                  "color": "#63BEA2",
                                  "opacity": 1
                                },
                                "stroke": {
                                  "color": "#63BEA2",
                                  "dashArray": 0,
                                  "opacity": 1,
                                  "width": 1
                                }
                              }
                            },
                            "type": "line"
                          },
                          "enabled": true,
                          "name": "new tag",
                          "plot": 0,
                          "selectable": true,
                          "visible": true
                        },
                        {
                          "axis": "",
                          "data": {
                            "aggregateMode": "default",
                            "source": "histprov:PostgresDB:/drv:ignition-bc48acb6db50:default:/tag:new tag 2"
                          },
                          "display": {
                            "breakLine": true,
                            "interpolation": "curveLinear",
                            "radius": 3,
                            "styles": {
                              "highlighted": {
                                "fill": {
                                  "color": "#FC8D62",
                                  "opacity": 1
                                },
                                "stroke": {
                                  "color": "#FC8D62",
                                  "dashArray": 0,
                                  "opacity": 1,
                                  "width": 1
                                }
                              },
                              "muted": {
                                "fill": {
                                  "color": "#FC8D62",
                                  "opacity": 0.4
                                },
                                "stroke": {
                                  "color": "#FC8D62",
                                  "dashArray": 0,
                                  "opacity": 0.4,
                                  "width": 1
                                }
                              },
                              "normal": {
                                "fill": {
                                  "color": "#FC8D62",
                                  "opacity": 0.8
                                },
                                "stroke": {
                                  "color": "#FC8D62",
                                  "dashArray": 0,
                                  "opacity": 0.8,
                                  "width": 1
                                }
                              },
                              "selected": {
                                "fill": {
                                  "color": "#FC8D62",
                                  "opacity": 1
                                },
                                "stroke": {
                                  "color": "#FC8D62",
                                  "dashArray": 0,
                                  "opacity": 1,
                                  "width": 1
                                }
                              }
                            },
                            "type": "line"
                          },
                          "enabled": true,
                          "name": "new tag 2",
                          "plot": 0,
                          "selectable": true,
                          "visible": true
                        }
                      ],
                      "style": {
                        "borderStyle": "none"
                      },
                      "timeAxis": {
                        "tick": {
                          "label": {
                            "format": "h A"
                          }
                        }
                      },
                      "title": {
                        "text": "Target Vs. Actual"
                      }
                    },
                    "type": "ia.chart.powerchart"
                  },
                  {
                    "children": [
                      {
                        "meta": {
                          "name": "Label"
                        },
                        "position": {
                          "basis": "32px"
                        },
                        "props": {
                          "style": {
                            "textAlign": "center"
                          },
                          "text": "PER",
                          "textStyle": {
                            "fontFamily": "sans-serif",
                            "fontSize": 25,
                            "fontWeight": "bold"
                          }
                        },
                        "type": "ia.display.label"
                      },
                      {
                        "meta": {
                          "name": "Label_0"
                        },
                        "position": {
                          "basis": "2px",
                          "shrink": 0
                        },
                        "props": {
                          "style": {
                            "backgroundColor": "#FFFF00"
                          }
                        },
                        "type": "ia.display.label"
                      },
                      {
                        "meta": {
                          "name": "SimpleGauge"
                        },
                        "position": {
                          "basis": "150px"
                        },
                        "props": {
                          "endAngle": 405,
                          "label": {
                            "offsetY": 12
                          },
                          "startAngle": 135
                        },
                        "type": "ia.chart.simple-gauge"
                      }
                    ],
                    "meta": {
                      "name": "FlexContainer_4"
                    },
                    "position": {
                      "height": 0.236,
                      "width": 0.1273
                    },
                    "propConfig": {
                      "position.x": {
                        "binding": {
                          "config": {
                            "expression": "{../FlexContainer_3.position.x}+0.15"
                          },
                          "type": "expr"
                        }
                      },
                      "position.y": {
                        "binding": {
                          "config": {
                            "expression": "{../FlexContainer_3.position.y}"
                          },
                          "type": "expr"
                        }
                      }
                    },
                    "props": {
                      "direction": "column"
                    },
                    "type": "ia.container.flex"
                  },
                  {
                    "children": [
                      {
                        "meta": {
                          "name": "Label"
                        },
                        "position": {
                          "basis": "32px"
                        },
                        "props": {
                          "style": {
                            "textAlign": "center"
                          },
                          "text": "QUA",
                          "textStyle": {
                            "fontFamily": "sans-serif",
                            "fontSize": 25,
                            "fontWeight": "bold"
                          }
                        },
                        "type": "ia.display.label"
                      },
                      {
                        "meta": {
                          "name": "Label_0"
                        },
                        "position": {
                          "basis": "2px",
                          "shrink": 0
                        },
                        "props": {
                          "style": {
                            "backgroundColor": "#FFFF00"
                          }
                        },
                        "type": "ia.display.label"
                      },
                      {
                        "meta": {
                          "name": "SimpleGauge"
                        },
                        "position": {
                          "basis": "150px"
                        },
                        "props": {
                          "endAngle": 405,
                          "label": {
                            "offsetY": 12
                          },
                          "startAngle": 135
                        },
                        "type": "ia.chart.simple-gauge"
                      }
                    ],
                    "meta": {
                      "name": "FlexContainer_5"
                    },
                    "position": {
                      "height": 0.236,
                      "width": 0.1273
                    },
                    "propConfig": {
                      "position.x": {
                        "binding": {
                          "config": {
                            "expression": "{../FlexContainer_4.position.x}+0.15"
                          },
                          "type": "expr"
                        }
                      },
                      "position.y": {
                        "binding": {
                          "config": {
                            "expression": "{../FlexContainer_4.position.y}"
                          },
                          "type": "expr"
                        }
                      }
                    },
                    "props": {
                      "direction": "column"
                    },
                    "type": "ia.container.flex"
                  },
                  {
                    "meta": {
                      "name": "Label_1"
                    },
                    "position": {
                      "height": 0.0516,
                      "width": 0.1097
                    },
                    "propConfig": {
                      "position.x": {
                        "binding": {
                          "config": {
                            "expression": "{../Label_0.position.x}+0.15"
                          },
                          "type": "expr"
                        }
                      },
                      "position.y": {
                        "binding": {
                          "config": {
                            "expression": "{../Label_0.position.y}"
                          },
                          "type": "expr"
                        }
                      }
                    },
                    "props": {
                      "text": "Target Quantity",
                      "textStyle": {
                        "fontFamily": "sans-serif",
                        "fontSize": 20,
                        "fontWeight": "bold",
                        "textTransform": "uppercase"
                      }
                    },
                    "type": "ia.display.label"
                  },
                  {
                    "meta": {
                      "name": "Label_2"
                    },
                    "position": {
                      "height": 0.0522,
                      "width": 0.0401
                    },
                    "propConfig": {
                      "position.x": {
                        "binding": {
                          "config": {
                            "expression": "{../Label_1.position.x}"
                          },
                          "type": "expr"
                        }
                      },
                      "position.y": {
                        "binding": {
                          "config": {
                            "expression": "{../Label_1.position.y}+0.06"
                          },
                          "type": "expr"
                        }
                      },
                      "props.text": {
                        "binding": {
                          "config": {
                            "fallbackDelay": 2.5,
                            "mode": "direct",
                            "tagPath": "[default]New Tag"
                          },
                          "type": "tag"
                        }
                      }
                    },
                    "props": {
                      "textStyle": {
                        "fontSize": 50
                      }
                    },
                    "type": "ia.display.label"
                  },
                  {
                    "meta": {
                      "name": "Label_3"
                    },
                    "position": {
                      "height": 0.0516,
                      "width": 0.0921
                    },
                    "propConfig": {
                      "position.x": {
                        "binding": {
                          "config": {
                            "expression": "{../Label_1.position.x}+0.15"
                          },
                          "type": "expr"
                        }
                      },
                      "position.y": {
                        "binding": {
                          "config": {
                            "expression": "{../Label_0.position.y}"
                          },
                          "type": "expr"
                        }
                      }
                    },
                    "props": {
                      "text": "NG QUANTITY",
                      "textStyle": {
                        "fontSize": 20,
                        "fontWeight": "bold",
                        "textTransform": "uppercase"
                      }
                    },
                    "type": "ia.display.label"
                  },
                  {
                    "meta": {
                      "name": "Label_4"
                    },
                    "position": {
                      "height": 0.0522,
                      "width": 0.0401
                    },
                    "propConfig": {
                      "position.x": {
                        "binding": {
                          "config": {
                            "expression": "{../Label_3.position.x}"
                          },
                          "type": "expr"
                        }
                      },
                      "position.y": {
                        "binding": {
                          "config": {
                            "expression": "{../Label_3.position.y}+0.06"
                          },
                          "type": "expr"
                        }
                      },
                      "props.text": {
                        "binding": {
                          "config": {
                            "fallbackDelay": 2.5,
                            "mode": "direct",
                            "tagPath": "[default]New Tag"
                          },
                          "type": "tag"
                        }
                      }
                    },
                    "props": {
                      "textStyle": {
                        "fontSize": 50
                      }
                    },
                    "type": "ia.display.label"
                  },
                  {
                    "meta": {
                      "name": "Label_7"
                    },
                    "position": {
                      "height": 0.0522,
                      "width": 0.0401,
                      "x": 0.0179,
                      "y": 0.2826
                    },
                    "propConfig": {
                      "props.text": {
                        "binding": {
                          "config": {
                            "fallbackDelay": 2.5,
                            "mode": "direct",
                            "tagPath": "[default]New Tag"
                          },
                          "type": "tag"
                        }
                      }
                    },
                    "props": {
                      "textStyle": {
                        "fontSize": 25
                      }
                    },
                    "type": "ia.display.label"
                  },
                  {
                    "meta": {
                      "name": "Label_8"
                    },
                    "position": {
                      "height": 0.0516,
                      "width": 0.0616,
                      "x": 0.0177,
                      "y": 0.2306
                    },
                    "props": {
                      "text": "Downtime",
                      "textStyle": {
                        "fontSize": 25
                      }
                    },
                    "type": "ia.display.label"
                  }
                ],
                "meta": {
                  "name": "CoordinateContainer"
                },
                "position": {
                  "basis": "1267px",
                  "grow": 1
                },
                "props": {
                  "mode": "percent"
                },
                "type": "ia.container.coord"
              }
            ],
            "meta": {
              "name": "Flex_LineG_Base"
            },
            "position": {
              "tabIndex": 1
            },
            "props": {
              "style": {
                "margin": 10
              }
            },
            "type": "ia.container.flex"
          }
        ],
        "meta": {
          "name": "TabContainer"
        },
        "position": {
          "basis": "800px",
          "grow": 1
        },
        "props": {
          "currentTabIndex": 1,
          "tabs": [
            "Line G Lid",
            "Line G Base"
          ]
        },
        "type": "ia.container.tab"
      }
    ],
    "meta": {
      "name": "root"
    },
    "props": {
      "direction": "column"
    },
    "type": "ia.container.flex"
  }
}